file_info,,,,,,,corrected_fluxes_and_quality_flags,,,,storage_fluxes,vertical_advection_fluxesgas_densities_concentrations_and_timelagsair_properties,,,,,,,,,,,,,,unrotated_wind,,,rotated_wind,,,,,,rotation_angles_for_tilt_correction,,,turbulence,,,,,,footprint,,,,,,,,uncorrected_fluxes,,,,statistical_flags,,,,,,,,,,,,spikes,,,,variances,,,,covariances
filename,date,time,DOY,daytime,file_records,used_records,Tau,qc_Tau,H,qc_H,H_strg,sonic_temperature,air_temperature,air_pressure,air_density,air_heat_capacity,air_molar_volume,ET,water_vapor_density,e,es,specific_humidity,RH,VPD,Tdew,u_unrot,v_unrot,w_unrot,u_rot,v_rot,w_rot,wind_speed,max_wind_speed,wind_dir,yaw,pitch,roll,u*,TKE,L,(z-d)/L,bowen_ratio,T*,model,x_peak,x_offset,x_10%,x_30%,x_50%,x_70%,x_90%,un_Tau,Tau_scf,un_H,H_scf,spikes_hf,amplitude_resolution_hf,drop_out_hf,absolute_limits_hf,skewness_kurtosis_hf,skewness_kurtosis_sf,discontinuities_hf,discontinuities_sf,timelag_hf,timelag_sf,attack_angle_hf,non_steady_wind_hf,u_spikes,v_spikes,w_spikes,ts_spikes,u_var,v_var,w_var,ts_var,w/ts_cov
,[yyyy-mm-dd],[HH:MM],[ddd.ddd],[1=daytime],[#],[#],[kg+1m-1s-2],[#],[W+1m-2],[#],[W+1m-2],[K],[K],[Pa],[kg+1m-3],[J+1kg-1K-1],[m+3mol-1],[mm+1hour-1],[kg+1m-3],[Pa],[Pa],[kg+1kg-1],[%],[Pa],[K],[m+1s-1],[m+1s-1],[m+1s-1],[m+1s-1],[m+1s-1],[m+1s-1],[m+1s-1],[m+1s-1],[deg_from_north],[deg],[deg],[deg],[m+1s-1],[m+2s-2],[m],[#],[#],[K],[0=KJ/1=KM/2=HS],[m],[m],[m],[m],[m],[m],[m],[kg+1m-1s-2],[#],[W+1m-2],[#],8u/v/w/ts/co2/h2o/ch4/none,8u/v/w/ts/co2/h2o/ch4/none,8u/v/w/ts/co2/h2o/ch4/none,8u/v/w/ts/co2/h2o/ch4/none,8u/v/w/ts/co2/h2o/ch4/none,8u/v/w/ts/co2/h2o/ch4/none,8u/v/w/ts/co2/h2o/ch4/none,8u/v/w/ts/co2/h2o/ch4/none,8co2/h2o/ch4/none,8co2/h2o/ch4/none,8aa,8U,[#],[#],[#],[#],[m+2s-2],[m+2s-2],[m+2s-2],[K+2],[m+1K+1s-1]
2013-08-06-154300.txt,2013-08-06,17:00,218.708,1,36000,36000,8.6894419749117172E-002,2,72.203623409832659,2,-9999.0,304.57261575444539,304.57261575444539,101300.00000000000,1.1587137773055325,1005.8843332144285,2.4997203626677778E-002,-9999.0,-9999.0,-9999.0,4588.9562983417454,-9999.0,-9999.0,-9999.0,-9999.0,-9.1653055475799480E-002,7.3488333297802813E-002,7.5444722044626669E-002,0.13961634500779055,-8.0084506073902415E-014,-8.2551618727475951E-014,0.13961634500779055,2.4216111400325588,308.72298623742978,141.27701376257022,32.708945828413462,-9999.0,0.27384691849891352,0.17661997804992241,-25.010506395616268,-6.3973114925831367E-002,-9999.0,0.22621787539516777,0,34.624917877892486,-5.2544648717582980,11.885613846740961,29.596859025624557,45.137077463671496,63.305392931949370,94.843014365009864,8.5595955809410332E-002,1.0151696879534593,70.203411944980246,1.0284916560240693,800009999,800019999,800009999,800009999,800009999,800019999,899999999,899999999,89999,89999,89,89,15,72,2,40,0.13906729900828355,8.6606387319113035E-002,0.12756626977244820,9.1729499025100983E-002,6.0232932103523179E-002
2013-08-06-170329.txt,2013-08-06,18:00,218.749,1,34200,34200,1.7278472579553863E-002,2,0.96905127451699058,2,0.21057862818688780,304.97966495402363,304.97966495402363,101300.00000000000,1.1571672692271542,1005.8975819496312,2.5030611396127864E-002,-9999.0,-9999.0,-9999.0,4696.0692977803692,-9999.0,-9999.0,-9999.0,-9999.0,6.2422368360673233E-002,-0.12564678358534698,0.18359590607101475,0.23106519214961166,-2.8928155816074212E-015,2.0938508497693774E-015,0.23106519214961166,1.4992665322145298,153.58143102211270,296.41856897788728,52.614021336132296,-9999.0,0.12219532858649550,0.11042633341774058,-165.56962923368411,-9.6636080385356683E-003,-9999.0,6.8130605448512302E-003,1,0.71332002677491291,1.0000000000000000,1.0000000000000000,1.0000000000000000,2.0000000000000000,5.0000000000000000,26.000000000000000,1.7055070916828067E-002,1.0130988410318111,0.94366139142090677,1.0269057135609345,800009999,800019999,800009999,800009999,800009999,800009999,899999999,899999999,89999,89999,89,89,23,29,0,12,5.3658642648945917E-002,7.5083724589306081E-002,9.2110299597229175E-002,5.8011679008651479E-002,8.1071140316367886E-004
2013-08-07-110533.txt,2013-08-07,12:00,219.499,1,33000,33000,1.8155045178825466E-002,2,3.7345230854508173,2,-9999.0,305.34261765127468,305.34261765127468,101300.00000000000,1.1557917750862863,1005.9094784992378,2.5060400031122389E-002,-9999.0,-9999.0,-9999.0,4793.4026500149548,-9999.0,-9999.0,-9999.0,-9999.0,0.26544742386912329,-0.19089606042415122,0.38318212078822284,0.50371835227235173,-2.1383578129296921E-016,-3.0456231009772630E-016,0.50371835227235173,2.0314341968121874,125.72173550556084,324.27826449443916,49.526572892031915,-9999.0,0.12533110456551966,0.10686760349410940,-46.356454489724776,-3.4515150427534336E-002,-9999.0,2.5629361168569509E-002,1,3.1679783132140744,1.0000000000000000,3.0000000000000000,5.0000000000000000,8.0000000000000000,15.000000000000000,46.000000000000000,1.7952475131244230E-002,1.0112836835088375,3.6405177431275275,1.0258219706525948,800009999,800019999,800009999,800009999,800009999,800009999,899999999,899999999,89999,89999,89,89,58,39,1,20,7.3552719675553505E-002,7.1643947443032055E-002,6.8538539869633250E-002,1.0994383178960723E-002,3.1312998126975036E-003
2013-08-07-123309.txt,2013-08-07,14:00,219.583,1,36000,36000,0.31856966048127872,2,-55.771825040994663,2,-9999.0,305.72916385565873,305.72916385565873,101300.00000000000,1.1543304590702295,1005.9222344988760,2.5092125057215663E-002,-9999.0,-9999.0,-9999.0,4898.9841644914804,-9999.0,-9999.0,-9999.0,-9999.0,0.70127638865565978,-0.19455902768629932,0.16239555523194929,0.74566353330430424,-2.5043877822876432E-014,-3.9344674652962579E-014,0.74566353330430424,5.1613466326030180,105.50590783847295,344.49409216152708,12.579064873521252,-9999.0,0.52533595843975622,1.0437777254277401,228.59714167988594,6.9992126246291673E-003,-9999.0,-9.1428830485684676E-002,0,49.968749383718588,-7.5829504996482191,17.152654677013892,42.712535417764876,65.139311511140406,91.358810588663502,136.87214601677084,0.31456795053278558,1.0127212894438720,-54.167015746988866,1.0296270575713784,800009999,800019999,800009999,800009999,800009999,800009999,899999999,899999999,89999,89999,89,89,13,23,0,46,1.6834477064170292,0.21647005485892346,0.18763768957952723,7.7240982193690119E-002,-4.6648786023082388E-002
2013-08-07-162814.txt,2013-08-07,18:00,219.749,1,33600,33600,6.3867997357766687E-002,2,18.056346266114904,2,-9999.0,306.37659558931983,306.37659558931983,101300.00000000000,1.1518911403327909,1005.9437987022909,2.5145261754487711E-002,-9999.0,-9999.0,-9999.0,5080.3482427193194,-9999.0,-9999.0,-9999.0,-9999.0,-0.19678928541693980,0.18421041637065738,8.5945833179773543E-002,0.28292434783044462,5.4902766395908821E-014,2.4013018753536379E-014,0.28292434783044462,2.5331798412750000,313.10904205308407,136.89095794691596,17.684584179629820,-9999.0,0.23547018789406243,0.27930025055001428,-63.585998090772321,-2.5162772434835681E-002,-9999.0,6.6177261052982397E-002,0,31.932445029092591,-4.8458717293261824,10.961375046044694,27.295373730633219,41.627167173813206,58.382693844171577,87.467914098297825,6.3081073065267931E-002,1.0124748082786188,17.590880981373807,1.0264606011054225,800009999,800019999,800009999,800009999,800009999,800009999,899999999,899999999,89999,89999,89,89,50,44,1,51,0.31326752203471708,0.12985918183471465,0.11547379723059686,6.7323668039690449E-002,1.5181071808970248E-002
2013-08-12-094848.txt,2013-08-12,11:00,224.458,1,36000,36000,2.6892187440067317E-002,2,-17.705854131208905,2,-9999.0,305.23720315000747,305.23720315000747,101300.00000000000,1.1561909309306004,1005.9060152436523,2.5051748341452736E-002,-9999.0,-9999.0,-9999.0,4764.9547371859871,-9999.0,-9999.0,-9999.0,-9999.0,-0.30018611055248506,0.22182416630063598,0.12210111088811827,0.39271661921000023,1.7882906772216570E-014,1.5096004877066450E-014,0.39271661921000023,2.6994259502153843,306.46275059300160,143.53724940699837,18.114323447198000,-9999.0,0.15250998753663825,0.13509016567659315,17.617538875381488,9.0818587733376227E-002,-9999.0,-9.9823233310823767E-002,1,1.0722202564990062,1.0000000000000000,1.0000000000000000,2.0000000000000000,3.0000000000000000,7.0000000000000000,26.000000000000000,2.6405231980524555E-002,1.0184416277767194,-17.016746454792997,1.0404958537900653,800009999,800019999,800009999,800009999,800009999,800009999,899999999,899999999,89999,89999,89,89,14,24,0,66,9.9271477208775605E-002,8.7550302376433159E-002,8.3358551767977559E-002,4.1863873113722014E-002,-1.4631524011024390E-002
2013-08-12-110516.txt,2013-08-12,12:00,224.499,1,33000,33000,1.7372606718671295E-002,2,4.7832674159930644,2,0.12965536943668465,305.48824118596860,305.48824118596860,101300.00000000000,1.1552408193997274,1005.9142736371704,2.5072351798816811E-002,-9999.0,-9999.0,-9999.0,4832.9441176040436,-9999.0,-9999.0,-9999.0,-9999.0,-0.31138393885834237,0.14198909058715525,0.21083727254515403,0.40196170802575570,2.4026759466297698E-015,3.3606096871739762E-016,0.40196170802575570,1.7856371757057501,294.51268335186285,155.48731664813712,31.635988656258490,-9999.0,0.12262985963179375,0.11518811474565918,-33.902744852804204,-4.7193818876516691E-002,-9999.0,3.3565640104785188E-002,1,2.1916915381652715,1.0000000000000000,2.0000000000000000,3.0000000000000000,6.0000000000000000,10.000000000000000,30.000000000000000,1.7172576245061914E-002,1.0116482507199176,4.6622743654327357,1.0259515080145007,800009999,800019999,800009999,800009999,800009999,800009999,899999999,899999999,89999,89999,89,89,8,12,0,61,8.5503632689583026E-002,7.4981959699203488E-002,6.9890637102531850E-002,5.6690985867872299E-003,4.0120314677123481E-003
2013-08-12-155125.txt,2013-08-12,17:00,224.708,1,36000,36000,2.4831797166455300E-002,2,-13.706976291893016,2,-9999.0,307.11327901331578,307.11327901331578,101300.00000000000,1.1491280585407655,1005.9686387464067,2.5205723610234033E-002,-9999.0,-9999.0,-9999.0,5293.7724910271836,-9999.0,-9999.0,-9999.0,-9999.0,0.80150680511109207,-0.38096013852582072,9.8593055485444669E-002,0.89289662132576053,-1.3298938235951445E-014,-1.9775485399233319E-014,0.89289662132576053,3.0167863369137393,115.42197151030479,334.57802848969521,6.3394892306439683,-9999.0,0.14700085527316553,0.27875008616477409,20.380377463475480,7.8506887464053432E-002,-9999.0,-8.0661989454692745E-002,1,5.2729173106846368,2.0000000000000000,5.0000000000000000,10.000000000000000,18.000000000000000,38.000000000000000,153.00000000000000,2.4399232153496327E-002,1.0177286322060339,-13.182056256898491,1.0398208006979048,800009999,800019999,800009999,800009999,800009999,800009999,899999999,899999999,89999,89999,89,89,40,22,0,9,0.30294040381745857,0.11044103463992164,0.14411873387216800,9.3230113532353706E-002,-1.1403293173127983E-002
2013-08-20-170159.txt,2013-08-20,18:00,232.749,1,35400,35400,6.6821255237221348E-003,2,3.1637001621343717,2,-9999.0,304.29824293061165,304.29824293061165,101300.00000000000,1.1597585403906971,1005.8754584395884,2.4974685012093836E-002,-9999.0,-9999.0,-9999.0,4517.9594126030934,-9999.0,-9999.0,-9999.0,-9999.0,0.80254364319745708,-0.34747853069681967,6.2751977272320264E-002,0.87678699761313794,-1.8185736377983713E-015,1.2306460408141292E-015,0.87678699761313794,2.6245379530483905,113.41123680507658,336.58876319492344,4.1041895521969280,-9999.0,7.5905548897889891E-002,0.20371034501509944,-12.155681980328051,-0.13162568768986668,-9999.0,3.5728106478711386E-002,1,15.760120182048761,7.0000000000000000,13.000000000000000,22.000000000000000,35.000000000000000,59.000000000000000,149.00000000000000,6.6094456976582864E-003,1.0109963572421208,3.0822491906117424,1.0264258229901468,800009999,800019999,800009999,800009999,800009999,800019999,899999999,899999999,89999,89999,89,89,23,12,0,6,0.21083224705857234,8.2179844181225675E-002,0.11440859879040087,1.1618125669410425E-002,2.6421407885554309E-003
2013-08-21-140609.txt,2013-08-21,15:00,233.624,1,32400,32400,9.3467134435111301E-003,2,2.9081075776867173,2,-9999.0,304.31012508910385,304.31012508910385,101300.00000000000,1.1597132562096808,1005.8758418488968,2.4975660217085978E-002,-9999.0,-9999.0,-9999.0,4521.0141631265187,-9999.0,-9999.0,-9999.0,-9999.0,2.0793210142460205E-003,-2.9637500016639628E-002,4.9429938181611836E-002,5.7671689517078337E-002,8.0855504839833150E-016,3.2103015905153070E-015,5.7671689517078337E-002,1.6102484041113403,175.98679300450476,274.01320699549524,58.991613473919735,-9999.0,8.9774739440132853E-002,9.4902936936626936E-002,-21.877929989159270,-7.3133061527887511E-002,-9999.0,2.7769068736346592E-002,1,5.5222024149145885E-002,1.0000000000000000,2.0000000000000000,-9999.0,-9999.0,-9999.0,-9999.0,9.1552394737242342E-003,1.0209141410594917,2.8145691108238244,1.0332336720754796,800009999,800019999,800009999,800009999,800009999,800009999,899999999,899999999,89999,89999,89,89,14,63,0,1,4.7796167136261510E-002,7.6783269877585811E-002,6.5226436859406531E-002,0.11411674552045466,2.4127755198811792E-003
2013-08-21-154441.txt,2013-08-21,17:00,233.708,1,36000,36000,4.6085430684810998E-003,2,-19.438345773372451,2,-9999.0,305.19902933926051,305.19902933926051,101300.00000000000,1.1563355454592912,1005.9047627224246,2.5048615300361420E-002,-9999.0,-9999.0,-9999.0,4754.6890895692050,-9999.0,-9999.0,-9999.0,-9999.0,-1.5139166580816607E-002,-2.8566111147211470E-002,0.17256555536207480,0.17556790130391453,-2.5587880980212403E-014,1.3472541048482393E-014,0.17556790130391453,1.7302889547111897,207.92222374504911,242.07777625495089,79.388756409219724,-9999.0,6.3130595688200689E-002,7.9730458605646787E-002,1.1382222778395041,1.4057008293995183,-9999.0,-0.26471507579893966,1,0.57624315188027786,1.0000000000000000,1.0000000000000000,1.0000000000000000,3.0000000000000000,6.0000000000000000,-9999.0,4.2555061090819302E-003,1.0829600405568054,-16.647959609306785,1.1676113006969180,800009999,800019999,800009999,800009999,800009999,800009999,899999999,899999999,89999,89999,89,89,31,30,0,13,3.9911425584092108E-002,6.3682540121930323E-002,5.5866951505271156E-002,0.10384834224563885,-1.4312657314004679E-002
2013-08-22-104118.txt,2013-08-22,12:00,234.499,1,36000,36000,7.2475704340516631E-002,2,-33.774451381566706,2,-9999.0,304.54732318623849,304.54732318623849,101300.00000000000,1.1588100081537900,1005.8835132364425,2.4995127788453968E-002,-9999.0,-9999.0,-9999.0,4582.3712824924360,-9999.0,-9999.0,-9999.0,-9999.0,3.3519305504668903E-002,1.8965138589726246E-002,0.22481097160204846,0.22808593397201096,-8.3195679684392008E-015,5.8945595042564835E-014,0.22808593397201096,1.6334625992161180,60.498927882429285,29.501072117570715,80.278963830536568,-9999.0,0.25008641654243458,0.16355596854135560,40.722980484293984,3.9289855039394458E-002,-9999.0,-0.11586126669332608,0,41.080108743342223,-6.2340649898760425,14.101471981172301,35.114659088053017,53.552070711139216,75.107540611523859,112.52478222189856,7.1342212497599464E-002,1.0158880949053173,-32.654476047026819,1.0342977585347557,800009999,800019999,800009999,800009999,800009999,800009999,899999999,899999999,89999,89999,89,89,35,29,1,40,6.1848535869765416E-002,0.19587397990041452,6.9389421312531244E-002,4.9729276855161660E-002,-2.8014494631071550E-002
2013-08-22-153013.txt,2013-08-22,17:00,234.708,1,36000,36000,6.7054777220462769E-002,2,27.783724476226094,2,-9999.0,305.39725883950132,305.39725883950132,101300.00000000000,1.1555849826737632,1005.9112762637932,2.5064884600114651E-002,-9999.0,-9999.0,-9999.0,4808.2064442997853,-9999.0,-9999.0,-9999.0,-9999.0,-8.3579722215594565E-002,0.15213513869940623,5.7847222031928498E-002,0.18296713226584113,1.8508624500289171E-013,4.9323720809625931E-014,0.18296713226584113,2.8685012791666038,331.21656771290992,118.78343228709006,18.430966219022118,-9999.0,0.24088730746939185,0.21873863343791311,-44.240581172968440,-3.6165890175457745E-002,-9999.0,9.9223600076204621E-002,0,36.050328264283266,-5.4707763971615648,12.374911106174803,30.815278385013283,46.995243864381486,65.911497729597556,98.747434246358154,6.6131471689229018E-002,1.0139616661726905,27.038721591354726,1.0275531845081600,800009999,800019999,800009999,800009999,800009999,800009999,899999999,899999999,89999,89999,89,89,41,42,0,17,0.19162462465946375,0.15661526545107088,8.9237376765291559E-002,7.7092376972619323E-002,2.3260796832834753E-002
2013-08-22-170026.txt,2013-08-22,18:00,234.749,1,36000,36000,2.8116225878537127E-002,2,4.4402635693611359,2,-0.19631349625444094,305.01773728561409,305.01773728561409,101300.00000000000,1.1570228315417537,1005.8988261747299,2.5033736108515260E-002,-9999.0,-9999.0,-9999.0,4706.1979653657045,-9999.0,-9999.0,-9999.0,-9999.0,0.97833027679549678,-0.28364152749285859,0.33767472183466335,1.0731294723281846,-1.5019280554333740E-015,-5.5246225435622037E-016,1.0731294723281846,3.3665709744882086,106.16814767724193,343.83185232275804,18.340503391351504,-9999.0,0.15588615580054246,0.28329991680787592,-75.020171351802887,-2.1327597247104247E-002,-9999.0,2.4474000944924995E-002,1,7.6240105087635808,3.0000000000000000,6.0000000000000000,12.000000000000000,20.000000000000000,38.000000000000000,115.00000000000000,2.7805972613333299E-002,1.0111577922311215,4.3230220304708320,1.0271202732865867,800009999,800019999,800009999,800009999,800009999,800009999,899999999,899999999,89999,89999,89,89,6,28,0,31,0.33379788649153469,0.14063149392227056,9.2170453201946667E-002,6.0500252985568239E-003,3.7144217903083854E-003
2013-09-02-160446.txt,2013-09-02,17:00,245.708,1,33600,33600,9.9891011939546900E-002,2,-8.3452345769309169,2,-9999.0,304.16579395339591,304.16579395339591,101300.00000000000,1.1602635571793882,1005.8711903052809,2.4963814520518594E-002,-9999.0,-9999.0,-9999.0,4484.0296730755708,-9999.0,-9999.0,-9999.0,-9999.0,2.7303247039873222,-1.6753122006233685,-0.46787172565203633,3.2373211009143970,3.3140894011008715E-015,1.8238308816476900E-015,3.2373211009143970,5.6553955490954495,121.53304907349454,328.46695092650543,-8.3097362884596357,-9999.0,0.29341673525334894,0.65891591406034500,266.17564847632354,6.0110682895258196E-003,-9999.0,-2.4369950504897969E-002,0,26.040350615880293,-3.9517236702754848,8.9388097018913406,22.258900046319926,33.946227022840716,47.610066069689424,71.328554662326724,9.8054969062231018E-002,1.0187246285922607,-7.9895709544149458,1.0445159852193859,800009999,800009999,800009999,800009999,800009999,800019999,899999999,899999999,89999,89999,89,89,2,38,0,95,0.79262205439746236,0.22664077462226270,0.29856899910096502,4.2296983578497059E-002,-6.8458036225563278E-003
2013-09-02-173852.txt,2013-09-02,19:00,245.791,0,36000,36000,6.5283856338125321E-002,2,5.1722950067316793,2,-9999.0,304.75308774354716,304.75308774354716,101300.00000000000,1.1580275976125283,1005.8901951046934,2.5012015513325284E-002,-9999.0,-9999.0,-9999.0,4636.1818699707374,-9999.0,-9999.0,-9999.0,-9999.0,0.48113668921570213,-0.22945543976788202,0.33678986076794726,0.63053130204985286,-4.1391562247824791E-014,3.3972969215332901E-014,0.63053130204985286,4.6256783128607148,115.49660552308063,334.50339447691937,32.285378283451813,-9999.0,0.23743429328606114,0.39260657369399904,-227.56605592809120,-7.0309255634574321E-003,-9999.0,1.8701238009522517E-002,0,31.243564150013302,-4.7413313982064587,10.724904532410127,26.706528716315482,40.729141373090741,57.123199889926980,85.580962644991601,6.4570013781284838E-002,1.0110553260722299,5.0418007114868857,1.0258824778511146,800009999,800009999,800009999,800009999,800009999,800009999,899999999,899999999,89999,89999,89,89,168,350,7,89,0.47079360367556655,0.19043216345359726,0.12398738025883427,4.8011097542733534E-002,4.3282884016757929E-003
2013-09-03-164926.txt,2013-09-03,18:00,246.749,1,36000,36000,0.39941411218646294,2,-167.98845694454064,2,-9999.0,304.71415264493442,304.71415264493442,101300.00000000000,1.1581755655303883,1005.8889288200041,2.5008819991016631E-002,-9999.0,-9999.0,-9999.0,4625.9578568938841,-9999.0,-9999.0,-9999.0,-9999.0,0.85101805506669437,5.2148333145527824E-002,0.48214319371224162,0.97949642058662778,-2.1777178716218695E-013,-1.9569897442136866E-013,0.97949642058662778,5.5202356403441044,86.493437464482810,3.5065625355172543,29.487639745804948,-9999.0,0.58725199873094713,0.78185450388475730,106.01173848314605,1.5092668254415725E-002,-9999.0,-0.24554466973027742,0,42.823723623061376,-6.4986652747826819,14.699998546083100,36.605074862381201,55.825048806574443,78.295424709094263,117.30081350859901,0.39410611034010390,1.0134684586386604,-162.86891571218581,1.0314335071856304,800009999,800009999,800009999,800009999,800009999,800009999,899999999,899999999,89999,89999,89,89,93,126,1,83,0.73807788446743960,0.48078133948175583,0.34484978382031922,0.10517942485437205,-0.13980212691585961
2013-09-03-180628.txt,2013-09-03,19:00,246.791,0,32400,32400,0.15456635178064421,2,4.5054810634120930,2,7.0447762949909135E-002,304.85027120472466,304.85027120472466,101300.00000000000,1.1576584290707708,1005.8933597309630,2.5019991656427251E-002,-9999.0,-9999.0,-9999.0,4661.7870500106510,-9999.0,-9999.0,-9999.0,-9999.0,2.3993006174992653,-0.76594490673122817,6.2843209757920224E-002,2.5193777649039713,-4.9794502119030883E-015,-3.6655655206894575E-015,2.5193777649039713,5.8918418681705438,107.70499339842331,342.29500660157669,1.4293307786220166,-9999.0,0.36539891973738686,1.2960553047146759,-952.18735173909590,-1.6803415809690445E-003,-9999.0,1.0588672841737921E-002,0,33.182090381991109,-5.0355102327911601,11.390337857228989,28.363551782988377,43.256206101640139,60.667444103213654,90.890886322350241,0.15234393565418380,1.0145881496163078,4.3512435687877389,1.0354467618707277,800009999,800009999,800009999,800009999,800009999,810019999,899999999,899999999,89999,89999,89,89,0,20,0,73,1.9777811026501639,0.36170982540585045,0.25261968137333729,1.8452219328328134E-002,3.7366379038487807E-003
2013-09-05-112732.txt,2013-09-05,13:00,248.541,1,32400,32400,0.24406535038013585,2,-87.676794431413796,2,-9999.0,303.65803270881560,303.65803270881560,101300.00000000000,1.1622036898430266,1005.8549244626093,2.4922141006328658E-002,-9999.0,-9999.0,-9999.0,4355.9978520611558,-9999.0,-9999.0,-9999.0,-9999.0,1.4959777779489962,-0.91554876458740342,-3.5651851772505516E-002,1.7542662588644993,-4.0912627141287638E-014,1.9230830841422196E-014,1.7542662588644993,5.3933476685265509,121.46692105506247,328.53307894493753,-1.1644989850232943,-9999.0,0.45825998740888629,1.2426900361727788,96.515342995633873,1.6577675117130136E-002,-9999.0,-0.16366474111297402,0,33.117801432940361,-5.0257541367443554,11.368269541407281,28.308598556278330,43.172398963567055,60.549903400440222,90.714788930875287,0.24043309739887975,1.0151071255187059,-84.666193504180470,1.0355584773878452,800009999,800009999,800009999,800009999,800009999,800009999,899999999,899999999,89999,89999,89,89,0,23,0,112,1.6565127306421319,0.42960150369122352,0.39926583801220200,6.7926663886700392E-002,-7.2425656145365280E-002
2013-09-05-133536.txt,2013-09-05,15:00,248.624,1,36000,36000,0.43456569605963591,2,-101.94477928667759,2,-9999.0,303.95015239037417,303.95015239037417,101300.00000000000,1.1610867219155123,1005.8642636247921,2.4946116159660126E-002,-9999.0,-9999.0,-9999.0,4429.2618351382962,-9999.0,-9999.0,-9999.0,-9999.0,0.84480444359302120,-0.75659615711945638,5.1638472104673067E-002,1.1352527580603711,8.4979047199091929E-014,1.4703556570476948E-013,1.1352527580603711,5.1115358774716633,131.84722202763311,318.15277797236689,2.6070737918861426,-9999.0,0.61178016339059360,0.69437719235876794,197.50151018208498,8.1012038769976615E-003,-9999.0,-0.14268080846066750,0,45.104748372475925,-6.8448195807561456,15.483000528701828,38.554860510406897,58.798594943895807,82.465865446554830,123.54889368711683,0.42891936452050350,1.0131640863206177,-98.878501728522352,1.0310105584586415,800009999,800009999,800009999,800009999,800009999,800009999,899999999,899999999,89999,89999,89,89,30,63,11,112,0.78417098935343532,0.27586262872906997,0.32872076663503053,0.14341192887536497,-8.4663816094440819E-002
2013-09-06-174824.txt,2013-09-06,19:00,249.791,0,36000,36000,0.36741698104969567,2,21.915727644610698,2,-9999.0,303.83452728101946,303.83452728101946,101300.00000000000,1.1615285768304004,1005.8605609857117,2.4936626454238855E-002,-9999.0,-9999.0,-9999.0,4400.1358905093284,-9999.0,-9999.0,-9999.0,-9999.0,3.0367318070600402,-2.1417316661125119,-0.52723055499034366,3.7532288307208206,7.7128507454410834E-014,2.0731676219707287E-014,3.7532288307208206,7.1027106659088677,125.19436843452672,324.80563156547328,-8.0752676130776582,-9999.0,0.56242505910779561,1.1856764349150590,-713.81510189651294,-2.2414768134619320E-003,-9999.0,3.3352128298802179E-002,0,35.209588143049011,-5.3431908401681190,12.086312228866483,30.096626374541817,45.899254204195266,64.374356647672514,96.444516801855769,0.36063554483540000,1.0188041259698648,20.986878255692048,1.0442585780315721,800009999,800009999,800009999,800009999,800009999,800009999,899999999,899999999,89999,89999,89,89,4,7,0,69,1.3032140187664787,0.55211594241418216,0.51602290864945743,4.9382451660745480E-002,1.7963053523758047E-002
2013-09-09-105548.txt,2013-09-09,12:00,252.499,1,36000,36000,0.58037514114334443,2,-157.79813905668743,2,-9999.0,303.41103641637164,303.41103641637164,101300.00000000000,1.1631497991403232,1005.8470674937237,2.4901869267183751E-002,-9999.0,-9999.0,-9999.0,4294.8748706597653,-9999.0,-9999.0,-9999.0,-9999.0,0.85586638836182138,-0.32235002296947096,0.28314763804233167,0.95738675411993224,4.5278539980989722E-014,-1.1725406768296839E-014,0.95738675411993224,6.9835519477232442,110.63817629234217,339.36182370765783,17.202547765249559,-9999.0,0.70637704259137291,0.67898188918248714,196.40369942595058,8.1464860625155514E-003,-9999.0,-0.19094034236532983,0,47.154485483248649,-7.1558750952522905,16.186608949432092,40.306944963605424,61.470634284909885,86.213438615169196,129.16344119094310,0.57295858780496944,1.0129443095822825,-153.14849664965408,1.0303603529172733,800009999,800009999,800009999,800009999,811109999,811119999,899999999,899999999,89999,89999,89,89,47,167,16,82,0.84047679945884535,0.12533207907707508,0.39215489982905388,9.3528594794276304E-002,-0.13090165394032294
2013-09-09-164534.txt,2013-09-09,18:00,252.749,1,36000,36000,1.3149199486105137E-002,2,-12.078477274130988,2,-9999.0,302.30973915919554,302.30973915919554,101300.00000000000,1.1673870879787207,1005.8124765536721,2.4811482441950167E-002,-9999.0,-9999.0,-9999.0,4031.3242961840560,-9999.0,-9999.0,-9999.0,-9999.0,2.5640810237400058E-002,-0.47673847158431382,0.19684666651728419,0.51641614184409923,2.0652575256350731E-013,-1.8471662580126239E-014,0.51641614184409923,4.7007919706360752,176.92138103616543,273.07861896383463,22.406693121040600,-9999.0,0.10613098974074264,0.41214203956364642,8.7024459278705013,0.18385635639238290,-9999.0,-9.6925504062968293E-002,1,3.3908247145914685,2.0000000000000000,3.0000000000000000,6.0000000000000000,12.000000000000000,26.000000000000000,114.00000000000000,1.2841288497444037E-002,1.0239782003747044,-11.483058266238469,1.0518519539035276,800009999,800019999,800009999,800009999,800009999,810009999,899999999,899999999,89999,89999,89,89,238,131,15,133,0.21718411008446767,0.44343420760947555,0.16366576143334965,2.9553458316777827E-002,-9.7797029697457485E-003
2013-09-09-183655.txt,2013-09-09,20:00,252.833,0,36000,36000,0.15849819168707854,2,5.7846763585390342,2,-9999.0,302.14508119667914,302.14508119667914,101300.00000000000,1.1680232710289735,1005.8073667325020,2.4797968460702768E-002,-9999.0,-9999.0,-9999.0,3993.1547388674971,-9999.0,-9999.0,-9999.0,-9999.0,1.9146387509143887,-0.69299958279779539,5.9681388774074022E-002,2.0370694235658533,-8.8574547177799520E-014,-2.2157734065548761E-014,2.0370694235658533,7.4097909201663299,109.89761955092547,340.10238044907453,1.6788731058925319,-9999.0,0.36837182704702620,2.5805010591308242,-759.80969183922844,-2.1057904593543291E-003,-9999.0,1.3366766152779961E-002,0,32.724514966260607,-4.9660713981168039,11.233267024127976,27.972423199789219,42.659710333530711,59.830850307064473,89.637516368369432,0.15643745010362767,1.0131729428093197,5.6038026012438653,1.0322769680100832,800009999,800009999,800009999,800009999,800009999,800009999,899999999,899999999,89999,89999,89,89,54,26,0,96,4.4334322538407376,0.46175345326097672,0.26581641115993376,4.0846851692391356E-002,4.7699795907505003E-003
2013-09-10-143908.txt,2013-09-10,16:00,253.666,1,36000,36000,0.23172315005544408,2,6.2067606126947936,2,-9999.0,301.42664822514843,301.42664822514843,101300.00000000000,1.1708071868982683,1005.7852602404220,2.4739004475260454E-002,-9999.0,-9999.0,-9999.0,3830.2684351831290,-9999.0,-9999.0,-9999.0,-9999.0,1.8078659729775524,-1.0084027770328390,0.17967694442144044,2.0778689422904870,2.8782954545458280E-014,-1.6585310083124846E-014,2.0778689422904870,6.6895889799945021,119.15217714995202,330.84782285004798,4.9606610478225397,-9999.0,0.44487911898809168,2.1900813696037482,-1247.3151456630590,-1.2827552087082673E-003,-9999.0,1.1847653032812891E-002,0,35.645344788348908,-5.4093185922522764,12.235893384133069,30.469104600942313,46.467307001419933,65.171058772734639,97.638121763333942,0.22868498628242243,1.0132853661379833,6.0111872763793555,1.0325348932454548,800009999,800009999,800009999,800009999,800009999,800009999,899999999,899999999,89999,89999,89,89,17,1,0,189,3.6893188372391799,0.37775403359547938,0.31308986837283764,5.9093708104526792E-002,5.1046928077629825E-003
2013-09-10-162901.txt,2013-09-10,18:00,253.749,1,34800,34800,0.92917419396059375,2,-168.25445711105544,2,-9999.0,301.35175553595883,301.35175553595883,101300.00000000000,1.1710981588177563,1005.7829734219064,2.4732857803810085E-002,-9999.0,-9999.0,-9999.0,3813.6260831345594,-9999.0,-9999.0,-9999.0,-9999.0,1.8398604167421224,-1.1286797411474905,0.37121882136706419,2.1901615749779819,3.0346353064745019E-013,3.5494742688555550E-014,2.1901615749779819,6.8089793153093758,121.52742728093634,328.47257271906369,9.7583891882439975,-9999.0,0.89074197986491543,1.6799727325741787,369.32042130447564,4.3322814220471328E-003,-9999.0,-0.16036776604385336,0,49.286020825107698,-7.4793438068953808,16.918296055907323,42.128949314449493,64.249305881513877,90.110565038417121,135.00204672238152,0.91523001048136077,1.0152357148689859,-162.35347605086358,1.0363465027280547,800009999,800009999,800009999,800009999,800009999,800009999,899999999,899999999,89999,89999,89,89,110,216,1,168,2.3285154184877315,0.47310582315293331,0.55832422350769273,9.1623290263757415E-002,-0.13783642927957995
2013-09-10-174441.txt,2013-09-10,19:00,253.791,0,36000,36000,0.23169290635149772,2,-76.642353867831019,2,0.12548695535676793,301.59165316009529,301.59165316009529,101300.00000000000,1.1701666222086120,1005.7903103675985,2.4752546933593609E-002,-9999.0,-9999.0,-9999.0,3867.1583695521372,-9999.0,-9999.0,-9999.0,-9999.0,1.6824572229819450,-1.2063937491069321,-0.47777972156223547,2.1246933066641023,-1.6163402249352250E-013,-1.0489157625598116E-013,2.1246933066641023,6.9326690262191839,125.64214079354883,324.35785920645117,-12.995232091397181,-9999.0,0.44497182775153510,2.2643855733768565,101.07552789856429,1.5829746658416681E-002,-9999.0,-0.14634610404457574,0,32.840214932208276,-4.9836293143226884,11.272983078392270,28.071321790494878,42.810536924482960,60.042386745428331,89.954436500024457,0.22802792230508545,1.0160725230899958,-73.844002500792229,1.0378954454291500,800009999,800009999,800009999,800009999,800009999,800009999,899999999,899999999,89999,89999,89,89,3,60,0,275,3.2545382928122257,0.88978089878865319,0.38445195515283481,7.1347351190028024E-002,-6.2742247967092046E-002
2013-09-11-105444.txt,2013-09-11,12:00,254.499,1,36000,36000,7.0047825395747498E-002,2,-52.523855382791780,2,-9999.0,301.47501667142797,301.47501667142797,101300.00000000000,1.1706193433908745,1005.7867389239963,2.4742974221187090E-002,-9999.0,-9999.0,-9999.0,3841.0502385992459,-9999.0,-9999.0,-9999.0,-9999.0,1.4378552778234091,-0.81964611052838732,-0.47207916620098578,1.7210770713799692,-9.8928215104560557E-015,7.2647937862280743E-014,1.7210770713799692,6.6697676676145097,119.68520343594233,330.31479656405770,-15.919878162798142,-9999.0,0.24461860242714695,1.5967471284052144,24.503471037491195,6.5296871514731208E-002,-9999.0,-0.18236668969509209,0,19.902107870486635,-3.0202216521699232,6.8317496006487621,17.012022469854273,25.944407660647990,36.387400638995693,54.514956809752604,6.8750532814929072E-002,1.0188695640266618,-50.363011711692735,1.0429053703831093,800009999,800009999,800009999,800009999,800009999,800019999,899999999,899999999,89999,89999,89,89,0,43,0,270,2.1337296886902912,0.65339302193456095,0.40637154618557647,4.4846303323786689E-002,-4.2775007233965157E-002
2013-09-11-120148.txt,2013-09-11,13:00,254.541,1,35400,35400,1.9027901858274993E-002,2,-4.4241251843225600,2,-0.12920331532425217,301.22830921194645,301.22830921194645,101300.00000000000,1.1715780863622220,1005.7792113157437,2.4722726187444449E-002,-9999.0,-9999.0,-9999.0,3786.3316882183130,-9999.0,-9999.0,-9999.0,-9999.0,3.0745409619789741,-1.9599870049040815,-0.48705225918304940,3.6785283863869704,5.3890884968144547E-015,1.8405811898950079E-015,3.6785283863869704,6.9421467618053923,122.51707522397714,327.48292477602286,-7.6085385291453935,-9999.0,0.12744119391528499,1.3453415566075768,41.135293514316217,3.8896039466526623E-002,-9999.0,-2.9460742015116021E-002,1,45.024231517755744,20.000000000000000,41.000000000000000,81.000000000000000,148.00000000000000,308.00000000000000,1207.0000000000000,1.8579761784699198E-002,1.0241197965167048,-4.1916859271297140,1.0554524506925571,800009999,800009999,800009999,800009999,800009999,800009999,899999999,899999999,89999,89999,89,89,0,8,0,143,1.6704105943467269,0.45827850647989249,0.56199401238853386,1.1523653988237251E-002,-3.5572537006029812E-003
2013-09-11-153412.txt,2013-09-11,17:00,254.708,1,36000,36000,0.23061412665321565,2,60.279407439583608,2,-9999.0,303.39537687216875,303.39537687216875,101300.00000000000,1.1632098343191120,1005.8465705852284,2.4900584040624001E-002,-9999.0,-9999.0,-9999.0,4291.0249356926206,-9999.0,-9999.0,-9999.0,-9999.0,0.39830222204147914,-0.26692972199244341,-0.28947805511633928,0.56008363746839274,-1.7921250063527585E-013,8.8277581380681885E-014,0.56008363746839274,5.3776295341025158,123.82875976044585,326.17124023955415,-31.121051761581835,-9999.0,0.44526024503606665,0.77061966663629100,-128.76990833262133,-1.2425263174584955E-002,-9999.0,0.11570849602537504,0,33.237757924455394,-5.0439579971268680,11.409446723157879,28.411135561018654,43.328774365492308,60.769222125090415,91.043368345505471,0.22806923517007205,1.0111584163521479,58.761916262582375,1.0258243990924361,800009999,800009999,800009999,800009999,800009999,800009999,899999999,899999999,89999,89999,89,89,121,76,19,62,0.82551920256820277,0.34217716673734028,0.37354296396703890,4.3466038069903998E-002,5.0223404062716963E-002
2013-09-11-164832.txt,2013-09-11,18:00,254.749,1,36000,36000,0.26502118824655596,2,-35.948969423929988,2,-2.4968013708745899E-002,303.34736942206490,303.34736942206490,101300.00000000000,1.1633939227395516,1005.8450481219052,2.4896643922754664E-002,-9999.0,-9999.0,-9999.0,4279.2408817323358,-9999.0,-9999.0,-9999.0,-9999.0,-3.6971250097403284E-002,-9.1455555836477912E-003,-5.1814860917964389E-002,6.4306254226505058E-002,1.5821447635550251E-014,9.9993745396560528E-014,6.4306254226505058E-002,5.4660864903481130,256.10570090196711,193.89429909803286,-53.682894441559007,-9999.0,0.47728402995753189,0.52610515188415374,265.94094342279146,6.0163733323918044E-003,-9999.0,-6.4365280857253696E-002,0,34.604987972204199,-5.2514404316800318,11.878772555048997,29.579823241998138,45.111096818747846,63.268954708033775,94.788423265670545,0.26020639845474525,1.0185037332686808,-34.815777832151063,1.0325482198686500,800009999,800009999,800009999,800009999,800009999,810009999,899999999,899999999,89999,89999,89,89,170,150,20,94,0.42353248759623807,0.24061764656805179,0.38806016960401757,3.9552706019086621E-002,-2.9752141397141118E-002
2013-09-12-140444.txt,2013-09-12,15:00,255.624,1,33600,33600,8.2400559841365073E-002,2,-6.3383271456096546,2,-9999.0,303.25854177974520,303.25854177974520,101300.00000000000,1.1637346931549188,1005.8422347384061,2.4889353567194489E-002,-9999.0,-9999.0,-9999.0,4257.5111396696866,-9999.0,-9999.0,-9999.0,-9999.0,-8.3641666511621041E-002,0.20011413670456182,-0.34801480581404659,0.41006816646947664,7.5041165911999316E-015,9.3423385595053114E-015,0.41006816646947664,4.1402052877444344,337.31654523518523,112.68345476481475,-58.067900277653422,-9999.0,0.26609584323266328,0.34491975494986982,261.38420837518817,6.1212573244033806E-003,-9999.0,-2.0349451681252351E-002,0,31.315769011690772,-4.7522887645341543,10.749690124878022,26.768248346079492,40.823267702755494,57.255213405632901,85.778742947531242,8.1348506372192250E-002,1.0129326709990147,-6.1580273222328490,1.0292788280957854,800009999,800019999,800009999,800009999,800009999,800119999,899999999,899999999,89999,89999,89,89,117,100,58,83,0.18434705601726717,0.35066053438478018,0.15483191949769232,2.3078904501244144E-002,-5.2608723279220773E-003
2013-09-12-154958.txt,2013-09-12,17:00,255.708,1,36000,36000,0.14048041260950331,2,2.1200700632129716E-002,2,-9999.0,303.78732694329148,303.78732694329148,101300.00000000000,1.1617090469693581,1005.8590517836171,2.4932752578544180E-002,-9999.0,-9999.0,-9999.0,4388.2940561023224,-9999.0,-9999.0,-9999.0,-9999.0,1.6214927776101464,-0.87274124939972697,2.7629444240125933E-002,1.8416512977310975,-4.6437680201611760E-014,2.7018657330212093E-015,1.8416512977310975,7.1047591040253719,118.29061268556720,331.70938731443283,0.85961437852326184,-9999.0,0.34774364443869016,1.1362267425855959,-174411.20292294433,-9.1737226347030446E-006,-9999.0,5.2174285726017891E-005,0,25.946777951170418,-3.9375236574001109,8.9066892341035402,22.178915539906455,33.824245603841064,47.438985395129031,71.072244636854663,0.13872444828691669,1.0126579297612692,2.0561756396149981E-002,1.0310743996606910,800009999,800009999,800009999,800009999,800009999,800009999,899999999,899999999,89999,89999,89,89,54,96,0,177,1.2591392158842687,0.59015697229501296,0.42315729699190996,4.3796818256489525E-002,1.7596476326365617E-005
2013-09-12-165751.txt,2013-09-12,18:00,255.749,1,36000,36000,0.17948772485578071,2,-13.701194276332210,2,-7.1594927337031447E-002,303.64953141233656,303.64953141233656,101300.00000000000,1.1622362281383780,1005.8546534330792,2.4921443278994728E-002,-9999.0,-9999.0,-9999.0,4353.8815830250023,-9999.0,-9999.0,-9999.0,-9999.0,3.6918433361623890,-1.8936579157909159,6.7426944423886276E-002,4.1497221489683609,-1.9184098149726965E-014,-9.0873698423345289E-015,4.1497221489683609,7.3342689929740565,117.15465716880539,332.84534283119461,0.93101398516186451,-9999.0,0.39297974990407142,1.2559274474333841,389.49077798492698,4.1079278135358549E-003,-9999.0,-2.9823500321870314E-002,0,23.639325970791930,-3.5873589171709601,8.1146156382788632,20.206540292331798,30.816248901889448,43.220227250933362,64.751776178463388,0.17565989537158644,1.0217911406362674,-13.027595470692392,1.0517055359260412,800009999,800009999,800009999,800009999,800009999,800019999,899999999,899999999,89999,89999,89,89,2,1,0,97,1.1754907272777722,0.65426952218329126,0.68209464540570486,2.7527641002710344E-002,-1.1143833798909254E-002
2013-09-13-170422.txt,2013-09-13,18:00,256.749,1,33600,33600,0.35963117605299982,2,-1.6971697019160863,2,-9999.0,304.72484388987220,304.72484388987220,101300.00000000000,1.1581349310402889,1005.8892764411823,2.5009697454100668E-002,-9999.0,-9999.0,-9999.0,4628.7633314011000,-9999.0,-9999.0,-9999.0,-9999.0,1.5725639876122961,-0.57270788633829739,-6.1892855724473743E-003,1.6736158834885133,-6.5528097680351527E-015,-8.5553151064950717E-015,1.6736158834885133,5.4432708496122340,110.01098306197377,339.98901693802623,-0.21188897244725177,-9999.0,0.55724872853621676,1.2195136627417069,8965.6550468600544,1.7845879544075823E-004,-9999.0,-2.6143687568751634E-003,0,42.618957260140377,-6.4675911892157369,14.629708879922346,36.430043655146712,55.558115171736269,77.921046490792804,116.73992671694002,0.35481785630576262,1.0135656074284192,-1.6438514759574989,1.0324349411965767,800009999,800009999,800009999,800009999,800009999,800009999,899999999,899999999,89999,89999,89,89,0,20,0,75,1.7853670635543410,0.33940457716796169,0.31425568476111099,3.2042650685477701E-002,-1.4110852002015958E-003
2013-09-17-105657.txt,2013-09-17,12:00,260.499,1,36000,36000,4.7211302147479040E-002,2,9.7299179295154925,2,-9999.0,304.77977964994636,304.77977964994636,101300.00000000000,1.1579261802406848,1005.8910637252430,2.5014206199503002E-002,-9999.0,-9999.0,-9999.0,4643.2022611740440,-9999.0,-9999.0,-9999.0,-9999.0,0.31213708299602982,-0.16179180558481085,0.18109638839851991,0.39547698899762040,-2.1240445428439889E-014,-8.8863472407027159E-015,0.39547698899762040,4.0873095638814609,117.39932136325132,332.60067863674874,27.252899345173926,-9999.0,0.20192149491978442,0.19920855789547853,-74.404514972945151,-2.1504071366929674E-002,-9999.0,4.1370884015545423E-002,0,28.397578780254122,-4.3094421384636750,9.7479698509266086,24.273823227314644,37.019112007871207,51.919830953528219,77.785367800302623,4.6666258951007865E-002,1.0116795991091418,9.4836534707505731,1.0259672561344051,800009999,800009999,800009999,800009999,800009999,801019999,899999999,899999999,89999,89999,89,89,124,279,26,71,0.16427278573144646,0.12028887515290174,0.11385545490660885,3.5457357586776359E-002,8.1422391373839210E-003
2013-09-17-170050.txt,2013-09-17,18:00,260.749,1,36000,36000,0.19977768147179073,2,3.7043328193066345,2,-9999.0,304.76939419640433,304.76939419640433,101300.00000000000,1.1579656382334456,1005.8907257065960,2.5013353833651587E-002,-9999.0,-9999.0,-9999.0,4640.4696271461044,-9999.0,-9999.0,-9999.0,-9999.0,1.0620258327000276,-0.65267833279874954,1.0807222288359774E-002,1.2465972370740828,-4.2974458574183576E-015,1.5354426485402893E-015,1.2465972370740828,4.1710549537753581,121.57321006575208,328.42678993424789,0.49672497551687778,-9999.0,0.41536093479437169,0.51989777658548997,-1701.0912383826183,-9.4057271232627433E-004,-9999.0,7.6566337777321568E-003,0,36.975307939987012,-5.6111456315440353,12.692426696544414,31.605937099639466,48.201048291753686,67.602655583920722,101.28109688144342,0.19752629569551386,1.0113979041036003,3.6038973713747722,1.0278685649401691,800009999,800009999,800009999,800009999,800009999,800019999,899999999,899999999,89999,89999,89,89,83,172,0,152,0.46534620678532562,0.32541238018106222,0.24903696620459218,1.2732253994892114E-002,3.0940401056842415E-003
2013-09-18-134950.txt,2013-09-18,15:00,261.624,1,36000,36000,0.51622191804152806,2,84.180801167771193,2,-9999.0,304.30572038014736,304.30572038014736,101300.00000000000,1.1597300426156685,1005.8756997095077,2.4975298709186033E-002,-9999.0,-9999.0,-9999.0,4519.8815597501298,-9999.0,-9999.0,-9999.0,-9999.0,0.33698337964640146,-0.19363388872052509,-0.29160083280042592,0.48588365552787693,-9.0881439595760301E-014,-1.2680973020656670E-013,0.48588365552787693,4.8965905096187994,119.88208912984962,330.11791087015035,-36.880310684339548,-9999.0,0.66717500298361687,0.73482390247917162,-310.21330377180402,-5.1577414009844526E-003,-9999.0,0.10816134132788963,0,44.499042483436654,-6.7529013752661600,15.275081297609171,38.037112226581158,58.008996143107787,81.358441901405882,121.88977141749255,0.51043708080199202,1.0113331054053656,82.061086077222541,1.0258309412155955,800009999,800009999,800009999,800009999,800009999,800109999,899999999,899999999,89999,89999,89,89,104,94,33,53,0.84266588659676100,0.22259705873252153,0.40438485962906062,2.8313797119567132E-002,7.0345453937697727E-002
2013-09-18-153918.txt,2013-09-18,17:00,261.708,1,36000,36000,0.28826936298471151,2,-52.150587680842371,2,-9999.0,304.55444448810147,304.55444448810147,101300.00000000000,1.1587829120597442,1005.8837440685897,2.4995712255420296E-002,-9999.0,-9999.0,-9999.0,4584.2245097876612,-9999.0,-9999.0,-9999.0,-9999.0,2.1647337502697943,-1.2667497211558751,3.2727222143498248E-002,2.5083456972027682,-1.9326722332081564E-014,-5.5263536080823259E-014,2.5083456972027682,5.8231779161411188,120.33513631229903,329.66486368770097,0.74757833886130842,-9999.0,0.49876756458235749,0.99348002439298411,209.21511166410116,7.6476311260384984E-003,-9999.0,-8.9703860102478924E-002,0,37.373447948610156,-5.6715649138865825,12.829095277712495,31.946261190782050,48.720064003906010,68.330582499926820,102.37166404727171,0.28359366692977678,1.0164873077228926,-50.183632213284525,1.0391951594734739,800009999,800009999,800009999,800009999,800009999,800009999,899999999,899999999,89999,89999,89,89,1,2,0,81,1.2437280587390371,0.39362467568101567,0.34960731436591552,7.0755670927085165E-002,-4.3053872440686605E-002
2013-09-18-170308.txt,2013-09-18,18:00,261.749,1,34200,34200,7.4386937065039460E-002,2,-3.1765616331934265,2,6.3597015146495642E-002,304.67725703947718,304.67725703947718,101300.00000000000,1.1583158175108978,1005.8877296973658,2.5005791856132411E-002,-9999.0,-9999.0,-9999.0,4616.2874711526920,-9999.0,-9999.0,-9999.0,-9999.0,1.5586011692405015,-0.73479415145838689,-0.43041344983894669,1.7760675064809803,6.3772259970685284E-016,-9.6163511122357864E-015,1.7760675064809803,5.3333385739400070,115.24128204297142,334.75871795702858,-14.024731887524773,-9999.0,0.25341647456210703,1.0536640871032308,450.51226344329348,3.5515126442310354E-003,-9999.0,-1.0758356808830227E-002,0,24.422723142771027,-3.7062424603844208,8.3835305367230699,20.876176412247109,31.837486236260677,44.652527133024321,66.897622401046362,7.3353863292630356E-002,1.0140834269121977,-3.0733702416069555,1.0335759714822110,800009999,800009999,800009999,800009999,800009999,800009999,899999999,899999999,89999,89999,89,89,0,10,0,101,1.5024140256558967,0.34347146436887771,0.26144268418168731,2.3514227613933333E-002,-2.6377788665745113E-003
2013-09-19-154630.txt,2013-09-19,17:00,262.708,1,36000,36000,0.34409805124026199,2,-106.55879387932576,2,-9999.0,304.84952173487341,304.84952173487341,101300.00000000000,1.1576612751637734,1005.8933353041737,2.5019930145150419E-002,-9999.0,-9999.0,-9999.0,4661.5891163507067,-9999.0,-9999.0,-9999.0,-9999.0,0.32495597182390668,-0.12358708342418957,0.37291611046366618,0.50983975546897375,-1.2817131433219261E-013,-3.3568501131907175E-014,0.50983975546897375,3.6231753610184736,110.82278403913821,339.17721596086182,47.007072525527214,-9999.0,0.54519310351009453,0.48977440801771144,133.72837079397993,1.1964551654225547E-002,-9999.0,-0.16784387827141203,0,36.913594988736158,-5.6017804531016298,12.671242637408245,31.553185797104454,48.120599226980602,67.489824626697882,101.11205554703123,0.33963223338506737,1.0131489812103063,-103.45087404255879,1.0300424705497258,800009999,800019999,800009999,800009999,800009999,800009999,899999999,899999999,89999,89999,89,89,28,32,0,22,0.40815752188914800,0.14054052799302746,0.43085076615324752,4.6749333096120269E-002,-8.8838399887652089E-002
2013-09-19-165230.txt,2013-09-19,18:00,262.749,1,36000,36000,0.27088283702903043,2,-43.351828133283526,2,1.7373324370854343E-002,304.88309390089250,304.88309390089250,101300.00000000000,1.1575337994286434,1005.8944298188170,2.5022685515222312E-002,-9999.0,-9999.0,-9999.0,4670.4626274641932,-9999.0,-9999.0,-9999.0,-9999.0,0.45035680538035688,-0.17512930544884267,0.36022666594453284,0.60270621088310028,-4.9942732662718569E-014,8.4064688247717684E-014,0.60270621088310028,3.6101383728892356,111.24946093600016,338.75053906399984,36.704064359426653,-9999.0,0.48375325929628238,0.50361332532324976,229.62890655731320,6.9677638760199173E-003,-9999.0,-7.6965736195985388E-002,0,39.774960595940620,-6.0360037232140700,13.653456856702954,33.999038081746917,51.850678285066564,72.721313542421754,108.94977924488035,0.26747717608306271,1.0127325291669378,-42.113577047095987,1.0294026575990634,800009999,800019999,800009999,800009999,800009999,800009999,899999999,899999999,89999,89999,89,89,12,24,0,39,0.57079437264089716,0.15497308850198896,0.28145918950361343,2.1728783500567280E-002,-3.6168962129731787E-002
2013-09-20-153444.txt,2013-09-20,17:00,263.708,1,36000,36000,0.13310186345441871,2,-61.033330634785379,2,-9999.0,305.93621936628551,305.93621936628551,101300.00000000000,1.1535492162244823,1005.9291038536953,2.5109118734563653E-002,-9999.0,-9999.0,-9999.0,4956.3651229048164,-9999.0,-9999.0,-9999.0,-9999.0,1.2050433325554404,-0.66763277709910751,0.33963333278600844,1.4188776406486625,-6.6956575589527383E-014,-4.5363425913078039E-014,1.4188776406486625,3.8232185353917734,118.98786331763412,331.01213668236585,13.849218505287455,-9999.0,0.33968314956177059,0.46465436632132007,56.471870444675027,2.8332690017191929E-002,-9999.0,-0.15484228259758936,0,33.929698113321450,-5.1489625903096252,11.646967398843119,29.002595627328539,44.230788285502662,62.034309473342020,92.938699722284042,0.13110711112725867,1.0152146768394876,-58.947262750322629,1.0353887150502392,800009999,800009999,800009999,800009999,800009999,800009999,899999999,899999999,89999,89999,89,89,2,15,0,35,0.51926644644327724,0.20355655873473433,0.20648572746462862,8.1454999215671495E-002,-5.0799582295554341E-002
2013-09-20-164236.txt,2013-09-20,18:00,263.749,1,36000,36000,0.20822543369960581,2,-36.189207257297824,2,-0.30700099449683438,305.34208721669506,305.34208721669506,101300.00000000000,1.1557937829062037,1005.9094610559653,2.5060356496738427E-002,-9999.0,-9999.0,-9999.0,4793.2591348908218,-9999.0,-9999.0,-9999.0,-9999.0,0.57027847179712565,-0.41379652747471879,0.22657611071149708,0.74012285162038949,2.9646036090991078E-014,-8.7191988872454606E-015,0.74012285162038949,3.5549683263765344,125.96480127301999,324.03519872698001,17.826347534196490,-9999.0,0.42445016880952452,0.50046076940982320,185.81031243832922,8.6109321867215687E-003,-9999.0,-7.3335306627198407E-002,0,40.176598720249238,-6.0969538581077041,13.791326227786998,34.342352309563999,52.374254144313788,73.455636129567665,110.04992829151996,0.20558720368283903,1.0128326567486019,-35.140504753508424,1.0298431257930265,800009999,800009999,800009999,800009999,800009999,800009999,899999999,899999999,89999,89999,89,89,2,8,0,26,0.59314269119644136,0.19647251013888231,0.21130633748432279,6.8013353826436862E-002,-3.0225169735092657E-002
2013-09-23-100052.txt,2013-09-23,11:00,266.458,1,36000,36000,0.11470462103264743,2,1.4693466610257087,2,-9999.0,305.61670354843147,305.61670354843147,101300.00000000000,1.1547552276007502,1005.9185141532049,2.5082895096758730E-002,-9999.0,-9999.0,-9999.0,4868.0605067595170,-9999.0,-9999.0,-9999.0,-9999.0,1.2731318043784414,-0.74621569390372389,0.19060472191135430,1.4879625711566289,4.1253591720674875E-015,2.8368627824506528E-015,1.4879625711566289,3.6478624308036611,120.37567768257995,329.62432231742002,7.3596848637947847,-9999.0,0.31517044775603625,0.42772793766108558,-1873.6344185034498,-8.5395527761386190E-004,-9999.0,4.0135256532796201E-003,0,36.925263622566611,-5.6035512133032777,12.675248101805787,31.563159969800527,48.135810469674595,67.511158610859823,101.14401774286672,0.11336224979653478,1.0118414307983652,1.4278412472898037,1.0290686473826742,800009999,800019999,800009999,800009999,800009999,800009999,899999999,899999999,89999,89999,89,89,1,21,0,42,0.51652058498895037,0.19506405067953991,0.14387123965368087,2.7019845688916608E-002,1.2292131146369361E-003
2013-09-23-112954.txt,2013-09-23,13:00,266.541,1,34800,34800,0.27722667815236263,2,45.662227594238658,2,-9999.0,306.07168261210126,306.07168261210126,101300.00000000000,1.1530386707218589,1005.9336118281793,2.5120236616357452E-002,-9999.0,-9999.0,-9999.0,4994.2206235552203,-9999.0,-9999.0,-9999.0,-9999.0,1.0526112061206296,-0.57724252829703737,0.22728304570294572,1.2218252209667857,-6.6130062726599704E-014,4.5711290912780203E-014,1.2218252209667857,4.8219188039882779,118.73996790925679,331.26003209074321,10.720564333298013,-9999.0,0.49033802569517126,0.93980820661118325,-227.04336043503645,-7.0471120447400419E-003,-9999.0,8.0287572581113631E-002,0,42.329140240000036,-6.4236103382882206,14.530224075373521,36.182312425326323,55.180309415358799,77.391168545578509,115.94607299860543,0.27411300832177360,1.0113590735793683,44.429090062143210,1.0277551831552403,800009999,800009999,800009999,800009999,800009999,800009999,899999999,899999999,89999,89999,89,89,1,27,0,52,1.3362291339706192,0.29588195306691306,0.24750532618483426,7.3283475024105232E-002,3.8304890573667448E-002
2013-09-23-150422.txt,2013-09-23,16:00,266.666,1,33600,33600,0.32795017489585365,2,-4.8643248248286977,2,-9999.0,306.79236971446448,306.79236971446448,101300.00000000000,1.1503300632708697,1005.9577784231873,2.5179385605193068E-002,-9999.0,-9999.0,-9999.0,5199.8651025657809,-9999.0,-9999.0,-9999.0,-9999.0,0.56003184478470081,-0.51413705298499013,0.33957499949333819,0.83263662945243067,-1.4836239355650232E-014,3.7001493228294067E-015,0.83263662945243067,4.3948832925125725,132.55347643184527,317.44652356815470,24.068652008957226,-9999.0,0.53394029662867060,0.72411916477641447,2751.9791474695753,5.8139975423548843E-004,-9999.0,-7.8727714990734637E-003,0,39.159704006874421,-5.9426361621481618,13.442259179351266,33.473126003185548,51.048629182202212,71.596428271584045,107.26449612823129,0.32396453694687571,1.0123026982722849,-4.7276432129505430,1.0289111520733500,800009999,800009999,800009999,800009999,800009999,800009999,899999999,899999999,89999,89999,89,89,1,7,0,11,0.81515400276492445,0.27656841697999923,0.35651590980790526,1.6743514782051192E-002,-4.0854741840774204E-003
2013-09-23-175832.txt,2013-09-23,19:00,266.791,0,34800,34800,0.24138346437279290,2,10.841759472187128,2,-9999.0,307.32138211875127,307.32138211875127,101300.00000000000,1.1483499248623446,1005.9757141691667,2.5222803266883493E-002,-9999.0,-9999.0,-9999.0,5355.4523997738252,-9999.0,-9999.0,-9999.0,-9999.0,0.20740474127821448,-8.2941810525527279E-002,0.58758362008445941,0.62861003907787938,5.3212224309937065E-015,5.5879660264127977E-015,0.62861003907787938,3.6247758218571811,111.79662590002562,338.20337409997438,69.185327063858125,-9999.0,0.45847603001438098,0.48505648213287145,-781.71328248950704,-2.0467862525048973E-003,-9999.0,2.0470167229138313E-002,0,30.935782218964118,-4.6946243027394550,10.619252955289982,26.443441350851625,40.327916540943036,56.560476357956865,84.737900252447233,0.23874356656407753,1.0110574615547048,10.568250978088701,1.0258802042708388,800009999,800019999,800009999,800009999,800009999,800009999,899999999,899999999,89999,89999,89,89,30,48,0,56,0.29875335403651154,0.19747507613917464,0.47388453409005665,3.3375081534320161E-003,9.1483205991058341E-003
2013-09-24-100038.txt,2013-09-24,11:00,267.458,1,36000,36000,0.13237304581853201,2,4.7215642667209945,2,-9999.0,305.44771757422563,305.44771757422563,101300.00000000000,1.1553940846812845,1005.9129379967707,2.5069025902390050E-002,-9999.0,-9999.0,-9999.0,4821.9123270720520,-9999.0,-9999.0,-9999.0,-9999.0,0.99745680482934784,-0.51392041656472409,0.67994472183069588,1.3120057533440370,-1.6647737913691007E-014,-1.8759424612136143E-017,1.3120057533440370,4.3956911260023626,117.25891592179678,332.74108407820319,31.214822605646802,-9999.0,0.33848132394476327,0.65537727868338891,-722.25154628528776,-2.2152946687745874E-003,-9999.0,1.2002194504544516E-002,0,31.149696818561555,-4.7270866685161739,10.692682915065243,26.626292333202997,40.606775826232621,56.951580470583309,85.323845481662033,0.13086715949905328,1.0115069840687543,4.5921692489592427,1.0281773189851566,800009999,800009999,800009999,800009999,800009999,800009999,899999999,899999999,89999,89999,89,89,5,20,0,52,0.68186304940643938,0.37501244789338956,0.25387906006694888,1.5952938005922582E-002,3.9511848891498830E-003
2013-09-24-112945.txt,2013-09-24,13:00,267.541,1,35400,35400,0.30740061247567041,2,68.901917681001052,2,-9999.0,305.11773144091580,305.11773144091580,101300.00000000000,1.1566436483321825,1005.9020981436703,2.5041942933857593E-002,-9999.0,-9999.0,-9999.0,4732.8905407561551,-9999.0,-9999.0,-9999.0,-9999.0,1.1964557899459149,-0.61132386978231967,0.31198644046728397,1.3793327626414515,1.3065374620899513E-013,9.5836740291791096E-014,1.3793327626414515,5.2018651176376203,117.06456267511874,332.93543732488126,13.072658032422243,-9999.0,0.51552837676050134,0.90056158038628109,-174.86061034762446,-9.1501453461656449E-003,-9999.0,0.11487444931833733,0,41.295487482621780,-6.2667495444982100,14.175404532720940,35.298761594983254,53.832838650378029,75.501321638452609,113.11473795653588,0.30386714687310407,1.0116283238873531,66.992077658269480,1.0285084459161542,800009999,800009999,800009999,800009999,800009999,800009999,899999999,899999999,89999,89999,89,89,6,24,0,88,1.2182789215827574,0.29181228339423743,0.29103195579556745,7.8572897810003109E-002,5.7579535319797197E-002
2013-09-24-164242.txt,2013-09-24,18:00,267.749,1,36000,36000,0.11972484386705752,2,19.955214226433007,2,-9999.0,306.37431606631816,306.37431606631816,101300.00000000000,1.1518997107716695,1005.9437223403629,2.5145074667081629E-002,-9999.0,-9999.0,-9999.0,5079.6996048420906,-9999.0,-9999.0,-9999.0,-9999.0,1.5068993044253645,-0.77342111049178408,0.28483694416216637,1.7175732335452534,2.1998401564437833E-014,9.2326066676978654E-015,1.7175732335452534,4.7584136169740123,117.16931389750124,332.83068610249876,9.5458525471055129,-9999.0,0.32239240724481133,0.77311049342617189,-147.66635809798120,-1.0835237088588252E-002,-9999.0,5.3417460239961349E-002,0,29.939531611880852,-4.5434394295551286,10.277272360501820,25.591861316033331,39.029203256373528,54.739012510374224,82.009015494598415,0.11826396316132047,1.0123527122437483,19.367547822398588,1.0303428399621548,800009999,800009999,800009999,800009999,800009999,800009999,899999999,899999999,89999,89999,89,89,2,20,0,54,0.96228720395894318,0.32963216369191412,0.25430161920148636,6.1597277919667209E-002,1.6714226496005631E-002
2013-09-30-180554.txt,2013-09-30,19:00,273.791,0,33000,33000,6.7708145481121376E-002,2,-0.28887510091345370,2,-9999.0,303.30588818474973,303.30588818474973,101300.00000000000,1.1635530328039456,1005.8437337282621,2.4893239431076103E-002,-9999.0,-9999.0,-9999.0,4269.0814352638126,-9999.0,-9999.0,-9999.0,-9999.0,1.6286571199602300,-0.81490939345769497,0.62833606007965770,1.9265013725245694,-1.2192422435810384E-014,9.1985412603920595E-015,1.9265013725245694,4.8024266371716084,116.58139571458804,333.41860428541196,19.035502232917256,-9999.0,0.24122780667159308,0.60539155432041092,4272.7980550505299,3.7446188174251980E-004,-9999.0,-1.0232129898659779E-003,0,23.897005267157891,-3.6264627445275828,8.2030686022311983,20.426800679237580,31.152159889516106,43.691347187286794,65.457599692413339,6.6761271205176650E-002,1.0141829875143435,-0.27938802639109528,1.0339566252888668,800009999,800009999,800009999,800009999,800009999,800019999,899999999,899999999,89999,89999,89,89,10,19,0,116,0.63492730741330961,0.32571297197233412,0.25014282925517822,3.5939283699269122E-003,-2.3872125702980454E-004
2013-11-21-105758.txt,2013-11-21,12:00,325.499,1,34200,34200,6.8871467588686050E-002,2,1.5148302954087793,2,-9999.0,302.40281552632649,302.40281552632649,101300.00000000000,1.1670277786614596,1005.8153721183575,2.4819121503315680E-002,-9999.0,-9999.0,-9999.0,4053.0405232263306,-9999.0,-9999.0,-9999.0,-9999.0,1.0602492682229503,-0.49788172467007563,0.40627836200071182,1.2397890263902702,5.3817753725775712E-015,-1.6134272723099504E-015,1.2397890263902702,3.4509999414660646,115.15424825693947,334.84575174306053,19.129209615357880,-9999.0,0.24292883750548108,0.42347905001174002,-832.14950848869478,-1.9227314126590473E-003,-9999.0,5.3123349213676958E-003,0,27.424262887395450,-4.1617376966456243,9.4138620013654588,23.441847441265747,35.750296439628812,50.140299078200059,75.119304777896801,6.8096045179606046E-002,1.0113871871271642,1.4738037293134159,1.0278371979113365,800009999,800019999,800009999,800009999,800009999,800009999,899999999,899999999,89999,89999,89,89,1,21,0,59,0.48041061843193927,0.18673793119483736,0.17980955039670340,3.9364711874956540E-003,1.2555678559893378E-003
2014-11-26-130000.txt,2014-11-26,14:00,330.583,1,36000,36000,3.5744507918841303E-002,2,-1.7814379154626578,2,-9999.0,304.86253678215877,304.86253678215877,101300.00000000000,1.1576118528359407,1005.8937595392290,2.5020998329781521E-002,-9999.0,-9999.0,-9999.0,4665.0274044858907,-9999.0,-9999.0,-9999.0,-9999.0,7.0132222150068660E-002,-0.51579166600475446,0.12058097214233787,0.53432138469881230,-5.9634852980412405E-015,-2.8994231533860966E-015,0.53432138469881230,3.8931864366569280,172.25697392058305,277.74302607941695,13.042352915491607,-9999.0,0.17572080286902250,0.29193133496575674,267.83098443158588,5.9739167348231148E-003,-9999.0,-8.7062760619788480E-003,1,1.7895837477363006,1.0000000000000000,2.0000000000000000,3.0000000000000000,5.0000000000000000,10.000000000000000,32.000000000000000,3.5295688384815845E-002,1.0127159875487382,-1.7308660762765384,1.0292176499841688,800009999,800019999,800009999,800009999,800009999,800009999,899999999,899999999,89999,89999,89,89,99,56,17,31,0.23973812422707003,0.22244854301674788,0.12167600268769563,5.4888456729883413E-002,-1.4864434355879993E-003
2014-11-27-110006.txt,2014-11-27,12:00,331.499,1,36000,36000,6.9093030836301805E-002,2,2.5657557477952193,2,-9999.0,303.58771119054165,303.58771119054165,101300.00000000000,1.1624728968135354,1005.8526838370896,2.4916369504818986E-002,-9999.0,-9999.0,-9999.0,4338.5192298041575,-9999.0,-9999.0,-9999.0,-9999.0,1.0002938884698431,1.7518888892352140E-002,0.35482027738945604,1.0615046886495028,-1.6265001578953237E-015,-7.7199383961277745E-015,1.0615046886495028,4.6504517017492031,88.996639090018419,1.0033609099813523,19.527643731134749,-9999.0,0.24379551055362525,0.69683462909329474,-496.59922655770924,-3.2219139991231257E-003,-9999.0,9.0006192745762312E-003,0,28.058765580570224,-4.2580259282619535,9.6316662434545819,23.984210800147913,36.577434782995802,51.300372365578326,76.857305955419761,6.8331500040730131E-002,1.0111446521021454,2.4981210182377787,1.0270742406247202,800009999,800009999,800009999,800009999,800019999,800019999,899999999,899999999,89999,89999,89,89,13,25,0,106,0.94126427863529516,0.28137508588908877,0.17102989366220533,2.2072391126337347E-002,2.1364673404810721E-003
2014-11-27-170214.txt,2014-11-27,18:00,331.749,1,34800,34800,0.11780623315852966,2,-1.7037835562162040,2,-9999.0,305.81223769612700,305.81223769612700,101300.00000000000,1.1540168854044832,1005.9249875274636,2.5098943180706809E-002,-9999.0,-9999.0,-9999.0,4921.9366514185758,-9999.0,-9999.0,-9999.0,-9999.0,0.81989101945823528,-0.17037349128427601,0.61637054537149993,1.0397889495095711,3.6028766407477404E-015,-6.2232519089545758E-016,1.0397889495095711,4.4156908324423823,101.73900839456417,348.26099160543583,36.354839216095975,-9999.0,0.31950529003404621,0.37018125570046401,1683.4305019753585,9.5044018634718810E-004,-9999.0,-4.5936574808516486E-003,0,37.945608535355767,-5.7583924903349004,13.025499492052164,32.435335454745591,49.465933115182239,69.376674533757509,103.93890053687662,0.11635073369351466,1.0125095856193653,-1.6548113137908200,1.0295938527959414,800009999,800009999,800009999,800009999,800019999,811019999,899999999,899999999,89999,89999,89,89,182,305,3,99,0.34898794949733991,0.25325845734671704,0.13811610455687107,2.4496212086651533E-002,-1.4255114885844797E-003
2014-11-28-105906.txt,2014-11-28,12:00,332.499,1,35400,35400,6.1849751874503887E-002,2,3.6938221052077091,2,-9999.0,304.74060386011149,304.74060386011149,101300.00000000000,1.1580750369145469,1005.8897889936796,2.5010990922931558E-002,-9999.0,-9999.0,-9999.0,4632.9015773235051,-9999.0,-9999.0,-9999.0,-9999.0,-2.3858050898034201E-002,0.20564378485307327,4.7276412318646231E-002,0.21235261242346903,4.2002246876792811E-015,-3.2664533554143408E-015,0.21235261242346903,2.8193970917694742,353.38233512237321,96.617664877626794,12.863649593811754,-9999.0,0.23110036464758213,0.17290110502698924,-293.82326093610442,-5.4454504211221737E-003,-9999.0,1.3721078387963444E-002,0,34.712664077190475,-5.2677806960287707,11.915734277497014,29.671863157036956,45.251463496551729,63.465820969481008,95.083364799048226,6.1032358786992841E-002,1.0133927821856568,3.5962794050026576,1.0271232263181118,800009999,800019999,800009999,800009999,800009999,810009999,899999999,899999999,89999,89999,89,89,162,92,7,15,0.13304797064286136,0.12247800879350965,9.0276230617607492E-002,1.5680230060190387E-002,3.0872110936320425E-003
2014-12-07-090402.txt,2014-12-07,10:00,341.416,1,33600,33600,9.2880731145040720E-003,2,0.47185010501384406,2,-9999.0,305.47406763394667,305.47406763394667,101300.00000000000,1.1552944208919211,1005.9138063721158,2.5071188532168144E-002,-9999.0,-9999.0,-9999.0,4829.0831463054947,-9999.0,-9999.0,-9999.0,-9999.0,-0.22395803534514869,0.50843035676219883,7.8994345061448451E-002,0.56115838746710622,-6.6528795015770854E-015,-1.2136128840509269E-015,0.56115838746710622,1.4686728677990293,336.22703124015669,113.77296875984331,8.0924133996500913,-9999.0,8.9663662527608490E-002,8.1953003990679410E-002,-134.34329488282523,-1.1909786799523762E-002,-9999.0,4.5282890013605328E-003,1,6.4927437936292387,3.0000000000000000,6.0000000000000000,10.000000000000000,18.000000000000000,34.000000000000000,107.00000000000000,9.1855945109726948E-003,1.0111564475667809,0.45997141272559156,1.0258248490223871,800009999,800019999,800009999,800009999,800009999,800009999,899999999,899999999,89999,89999,89,89,19,27,0,45,4.3600706353263977E-002,7.6225545025792180E-002,4.4079756602302664E-002,1.1000682663982082E-002,3.9580146379999736E-004
2014-12-09-130112.txt,2014-12-09,14:00,343.583,1,35400,35400,0.34150188146453392,2,-14.089064929370632,2,-9999.0,304.93668294831173,304.93668294831173,101300.00000000000,1.1573303764325409,1005.8961783092707,2.5027083731809122E-002,-9999.0,-9999.0,-9999.0,4684.6572239366724,-9999.0,-9999.0,-9999.0,-9999.0,0.78616850236914670,-0.62531454758281679,-0.27060762703792579,1.0403401777049448,-1.4339350418521055E-015,5.3389093659231147E-015,1.0403401777049448,5.0513464106681285,128.49856641810956,321.50143358189047,-15.076859805682336,-9999.0,0.54321014753274244,0.79666534580578685,1000.4248455065110,1.5993205358568706E-003,-9999.0,-2.2279415142681641E-002,0,40.520374361623567,-6.1491231379811717,13.909333280906965,34.636206557250055,52.822400413123965,74.084167643617263,110.99158303300379,0.33726647163057455,1.0125580518380097,-13.682806214052064,1.0296911838816620,800009999,800009999,800009999,800009999,800009999,800009999,899999999,899999999,89999,89999,89,89,35,35,0,18,0.91008276133015320,0.34444734998943338,0.33880058029198712,4.7429870986043857E-002,-1.1753431102494695E-002
2014-12-09-165650.txt,2014-12-09,18:00,343.749,1,33600,33600,0.49991330629995001,2,-31.514503070083482,2,-9999.0,306.73170097441903,306.73170097441903,101300.00000000000,1.1505575880925731,1005.9557321323997,2.5174406336636920E-002,-9999.0,-9999.0,-9999.0,5182.2749957941824,-9999.0,-9999.0,-9999.0,-9999.0,0.87540892804196890,-0.71505937440964196,-0.26750565455627712,1.1615549816716755,1.7086233903915597E-015,-9.4209589906032606E-016,1.1615549816716755,5.7930043349589839,129.24294537215849,320.75705462784151,-13.314711436865048,-9999.0,0.65916352539683010,1.0713002776944491,799.20421958969962,2.0019914319539230E-003,-9999.0,-4.1307609706478898E-002,0,40.277047704886463,-6.1121973790610662,13.825807113688464,34.428214590828013,52.505199540825828,73.639288910045011,110.32507362259327,0.49362104355517067,1.0127471525514007,-30.590282423932134,1.0302128837303015,800009999,800009999,800009999,800009999,800009999,810009999,899999999,899999999,89999,89999,89,89,48,45,0,27,1.1602844563253589,0.47586877377327608,0.50644732529026326,1.1195981967405498E-002,-2.6429944790873985E-002
2014-12-29-135658.txt,2014-12-29,15:00,363.624,1,33600,33600,0.13828502408744622,2,0.39261716769403326,2,-9999.0,303.64201478413167,303.64201478413167,101300.00000000000,1.1622649991818694,1005.8544138315144,2.4920826366389644E-002,-9999.0,-9999.0,-9999.0,4352.0111765689480,-9999.0,-9999.0,-9999.0,-9999.0,1.1356011896376985,-0.82226502930873069,0.23431547586024559,1.4214828815565350,3.7946049687454734E-015,-7.0058958526259196E-016,1.4214828815565350,4.1513612897222183,125.90750985000773,324.09249014999227,9.4878678526426921,-9999.0,0.34493319811907630,0.47854646996098238,-9191.3792053617071,-1.7407616030754716E-004,-9999.0,9.7363013008886043E-004,0,35.726143673961893,-5.4215801348681421,12.263629026915808,30.538170273107902,46.572636509254522,65.318784905118022,97.859442428870068,0.13668463402483919,1.0117086318738375,0.38165519016194976,1.0287222021726783,800009999,800019999,800009999,800009999,800009999,800009999,899999999,899999999,89999,89999,89,89,0,7,0,20,0.56910343403757035,0.20083656375809900,0.18715294212629538,3.2345184861805619E-002,3.2646068476732481E-004
2014-12-29-160058.txt,2014-12-29,17:00,363.708,1,36000,36000,0.21734566834150024,2,0.28254337074094948,2,-9999.0,304.25510473293730,304.25510473293730,101300.00000000000,1.1599229744211921,1005.8740671769615,2.4971144528624294E-002,-9999.0,-9999.0,-9999.0,4506.8842010659264,-9999.0,-9999.0,-9999.0,-9999.0,1.5208029160975058,-1.0979268051288091,0.26971472182792261,1.8950015330341416,2.6402409894865094E-015,-1.1890458516628640E-015,1.8950015330341416,5.3236453236107746,125.82698358290662,324.17301641709338,8.1826699654556840,-9999.0,0.43287341996691114,0.75475305556798700,-25243.589318676270,-6.3382428695124305E-005,-9999.0,5.5943732747725146E-004,0,36.314158774144488,-5.5108136948976272,12.465475582667075,31.040796736697430,47.339173580052794,66.393864046049245,99.470106887054058,0.21459994165976390,1.0127946292086580,0.27394240758499105,1.0313969758526342,800009999,800009999,800009999,800009999,800009999,800009999,899999999,899999999,89999,89999,89,89,1,12,0,112,0.92510869256418182,0.30143817346101759,0.28295924511077447,6.4073438680907523E-003,2.3479373594442965E-004
2014-12-30-105828.txt,2014-12-30,12:00,364.499,1,34800,34800,0.11556722818967936,2,0.18680553851056830,2,-9999.0,302.76903120018977,302.76903120018977,101300.00000000000,1.1656161948456198,1005.8268149262589,2.4849177940753975E-002,-9999.0,-9999.0,-9999.0,4139.4754157642765,-9999.0,-9999.0,-9999.0,-9999.0,0.72694985576814297,-0.28049281568758810,0.21912183861135831,0.80941132473551047,-9.6458449364524949E-016,-3.1023251932153349E-015,0.80941132473551047,3.2507690731078136,111.09905408533422,338.90094591466578,15.706968814334729,-9999.0,0.31487600173115043,0.35830922164114770,-14694.743380900502,-1.0888247303995800E-004,-9999.0,5.0602433611704987E-004,0,35.571670112105508,-5.3981381758936200,12.210603251887823,30.406128595794105,46.371264620021748,65.036357967228881,97.436315410985841,0.11431241804140313,1.0109770239294715,0.18203006386165480,1.0262345381175217,800009999,800019999,800009999,800009999,800009999,800009999,899999999,899999999,89999,89999,89,89,2,34,0,30,0.41505199315845065,0.14391045002341266,0.15765600010043215,1.1897281255068658E-002,1.5526170072922434E-004
2014-12-30-145830.txt,2014-12-30,16:00,364.666,1,34800,34800,0.15177267894936566,2,-8.3412730302172307,2,-9999.0,303.82876676011369,303.82876676011369,101300.00000000000,1.1615505991350057,1005.8603767255972,2.4936153670716537E-002,-9999.0,-9999.0,-9999.0,4398.6891789376914,-9999.0,-9999.0,-9999.0,-9999.0,0.53448591897250775,-0.28810025111562659,0.12477787342350526,0.61987617309335485,3.1163053136879953E-015,3.0372257836184472E-015,0.61987617309335485,3.8893201915212514,118.32569252094041,331.67430747905956,11.612687809397553,-9999.0,0.36147455637193665,0.40134284832647071,497.90721822725317,3.2134500995921159E-003,-9999.0,-1.9750530705886712E-002,0,31.810017779809211,-4.8272929219200780,10.919349733105827,27.190724759313962,41.467570889598001,58.158857786313064,87.132566895355680,0.14990399545631361,1.0124658684871188,-8.1070256854119620,1.0288943632221099,800009999,800009999,800009999,800009999,800009999,800119999,899999999,899999999,89999,89999,89,89,179,310,16,144,0.30541892654113917,0.22251676645584459,0.27475000365595775,3.4240797212932446E-002,-6.9388214963711781E-003
2015-01-05-180106.txt,2015-01-05,19:00,5.791,0,35400,35400,0.12367603102172463,2,-5.2464353604906488,2,-9999.0,306.80531770048844,306.80531770048844,101300.00000000000,1.1502815163366320,1005.9582154280592,2.5180448285901887E-002,-9999.0,-9999.0,-9999.0,5203.6258988184445,-9999.0,-9999.0,-9999.0,-9999.0,-8.5829943257444211E-002,0.17449081895446766,0.37636257021667807,0.42363027431839101,-3.7652602812757379E-015,-1.0377370479027289E-014,0.42363027431839101,2.8547854778177522,333.80797980024755,116.19202019975246,62.675654820863201,-9999.0,0.32789945825543226,0.28913070895133020,590.94569240165765,2.7075246009450596E-003,-9999.0,-1.3827368732875024E-002,0,28.171408870344049,-4.2751199820657249,9.6703330397022942,24.080496590034134,36.724276687840579,51.506320225019522,77.165853377476225,0.12212836997887699,1.0126724121767556,-5.0996130093624732,1.0287908809665796,800009999,800019999,800009999,800009999,800009999,800019999,899999999,899999999,89999,89999,89,89,62,61,1,43,0.13054483629248159,0.14141305236320378,0.30630352924697507,7.3318728289932921E-003,-4.4071023572331905E-003
2015-01-06-145940.txt,2015-01-06,16:00,6.666,1,35400,35400,0.10611285842338489,2,3.0689172780933744,2,-9999.0,305.98256453993633,305.98256453993633,101300.00000000000,1.1533744956850260,1005.9306449104029,2.5112922424333967E-002,-9999.0,-9999.0,-9999.0,4969.2882656666288,-9999.0,-9999.0,-9999.0,-9999.0,1.0320860163973704,-0.59579858715462608,0.55668502761814287,1.3153234285424422,1.5104710700153990E-014,2.3251300185336673E-016,1.3153234285424422,4.3595756491804485,119.99681257592187,330.00318742407813,25.038712825951965,-9999.0,0.30331845481267045,0.68475423151266357,-799.63025854242449,-2.0009247810563085E-003,-9999.0,8.7206320939627359E-003,0,28.081885093586202,-4.2615344035577802,9.6396024241265970,24.003973012144719,36.607573403211582,51.342642208962019,76.920633883382479,0.10490511018906948,1.0115127683688496,2.9847667929134509,1.0281933199537454,800009999,800009999,800009999,800009999,800009999,800009999,899999999,899999999,89999,89999,89,89,2,13,0,54,0.75507352640957837,0.35024027090741056,0.26419466570833838,1.0976435587833944E-002,2.5725985574867908E-003
2015-01-08-175934.txt,2015-01-08,19:00,8.791,0,35400,35400,0.13824979771509222,2,7.9464831576714525,2,-9999.0,304.56846362356407,304.56846362356407,101300.00000000000,1.1587295738564956,1005.8841985774135,2.4996862848630917E-002,-9999.0,-9999.0,-9999.0,4587.8747118287010,-9999.0,-9999.0,-9999.0,-9999.0,0.64538502794232810,-0.25586228785268267,0.40290593195880359,0.80269579209369524,2.0734354413080265E-015,-2.1520324038757895E-015,0.80269579209369524,3.4644479570822315,111.62580375548620,338.37419624451377,30.128499105585021,-9999.0,0.34541501050756285,0.41964364988969943,-456.04373800248413,-3.5084354123754787E-003,-9999.0,1.9738024485476360E-002,0,35.059662928380916,-5.3204391104270563,12.034847754243932,29.968472555995110,45.703811544891458,64.100245539064503,96.033848411577154,0.13674880357085026,1.0109762872145662,7.7434724479898032,1.0262170119471854,800009999,800019999,800009999,800009999,800009999,800009999,899999999,899999999,89999,89999,89,89,5,29,0,67,0.49614891839294795,0.14641540261630015,0.19672297877015074,3.3399138226782588E-003,6.6436337106836338E-003
2015-01-09-115436.txt,2015-01-09,13:00,9.541,1,32400,32400,0.20199451236831001,2,4.9536341352623179,2,-9999.0,303.56364107956119,303.56364107956119,101300.00000000000,1.1625650713952429,1005.8519175764671,2.4914393997388668E-002,-9999.0,-9999.0,-9999.0,4332.5505506884083,-9999.0,-9999.0,-9999.0,-9999.0,0.77471743748937005,-0.29898209839156481,0.44187407358244707,0.94065408095275671,-3.1883051449689923E-015,3.1798828153855859E-016,0.94065408095275671,4.1759310024490395,111.10280134293754,338.89719865706246,28.018195228860971,-9999.0,0.41683209407198407,0.60215750814582891,-1285.5927951893166,-1.2445620463860674E-003,-9999.0,1.0162755056853637E-002,0,35.110453818255941,-5.3281468239180985,12.052282623147184,30.011887844739434,45.770022599566666,64.193107484679544,96.172972527770497,0.19979015257400359,1.0110333755988794,4.8251359254994641,1.0266310030943953,800009999,800019999,800009999,800009999,800009999,800009999,899999999,899999999,89999,89999,89,89,4,27,0,92,0.70794609342751724,0.21092341507416437,0.28544550778997618,3.5367121757964720E-003,4.1262756132637917E-003
2015-01-21-100100.txt,2015-01-21,11:00,21.458,1,35400,35400,5.2675820714398774E-002,2,0.89200781290591735,2,-9999.0,306.59283953434999,306.59283953434999,101300.00000000000,1.1510786964257214,1005.9510567230051,2.5163009554675080E-002,-9999.0,-9999.0,-9999.0,5142.2080579308322,-9999.0,-9999.0,-9999.0,-9999.0,1.0523690670325696,-0.26148036679489622,0.32565183574365286,1.1322110022382834,-2.7836360577713136E-015,1.8044794677303673E-015,1.1322110022382834,3.1798898649637160,103.95361685495766,346.04638314504228,16.715802844503951,-9999.0,0.21392086562264812,0.23666507812206661,-965.11150593600632,-1.6578395244063035E-003,-9999.0,3.6010872466830301E-003,0,33.286790876350665,-5.0513989367473142,11.426278148839474,28.453048190818169,43.392693770464597,60.858869999412903,91.177677197222096,5.2090795666160081E-002,1.0112308718029190,0.86825016755901419,1.0273626729191370,800009999,800019999,800009999,800009999,800009999,800009999,899999999,899999999,89999,89999,89,89,19,25,1,25,0.24740626165401763,0.14001888407473889,8.5905010515376717E-002,2.1089698962809857E-002,7.4983033869067376E-004
